,0,1
e1888347-60f9-4efe-a89e-32268a19607b,[0.38073142 0.25       0.16830231 0.02175966],12863.678397642152
8237338e-66f9-41f8-9183-d90083f5814b,[0.81126149 0.25       0.20989771 0.07063052],4925.659429533884
3a7054a9-f072-459d-8fd2-5a8680a44204,[0.77274605 0.25       0.21352349 0.20119219],12045.356152607348
f549bb23-6ecc-430b-9c6a-e4405fb223ae,[0.31329874 0.25       0.25       0.08942375],7918.061913953832
30f57f11-043f-4f0b-8b8e-f84038cd7f5d,[0.7041049 0.25      0.1217843 0.01     ],3783.261462794223
2b2b68e2-e4fa-4907-b272-7c376a175e72,[0.79044865 0.25       0.22839858 0.10641095],6012.112965649302
046186e8-2406-41ed-b913-0e8cd697710d,[0.56496676 0.25       0.25       0.08336746],10808.437614439554
52759a81-9bcf-48bf-9084-0bbaa4e6b6c8,[0.81340663 0.25       0.14088605 0.01065227],5642.230088147603
7c2a66d5-d3f7-4878-9aea-601211549823,[0.81261052 0.25       0.19566267 0.03630294],1504.9330925522172
b015c330-f813-4066-ab58-94c74d100e19,[0.4297373  0.25       0.25       0.05058791],16581.290713721344
4176e05b-df12-4bba-8240-afaec03fac17,[0.49120151 0.25       0.25       0.09445259],11282.741636034954
434418ef-d239-490c-9b70-939b2563486f,[0.43164106 0.25       0.25       0.13918931],10069.965214429216
8163e055-1c0b-4b0a-bc9e-5fe8d4167b43,[0.18402244 0.22580386 0.25       0.0382344 ],6415.085599961521
739c3c9d-fb71-4be5-a803-79048f15c49f,[0.6083229  0.25       0.22375478 0.11058349],9605.456815222682
1b659a0f-947d-4716-870b-5407fce1627c,[0.59992379 0.25       0.23451593 0.1966591 ],16165.38978560732
bd35806c-061d-42a3-b230-8b6dede9a6e1,[0.53809919 0.25       0.25       0.0291248 ],4899.904600082584
6b2880f4-9c03-4100-8d82-736b9624f5c2,[0.70079014 0.25       0.16771366 0.01      ],8079.004018921729
0400e95e-9df6-4a47-9786-8be9d188f8d5,[0.82695474 0.25       0.17331925 0.09789254],2194.2848917078404
546e189b-482e-450c-ac0f-0a8189bc4ad7,[0.39353135 0.25       0.25       0.17131006],5602.967860140474
3e9c3f94-90d9-44d0-bc4c-ded163e0a043,[0.74426458 0.25       0.14290099 0.11426581],2681.7059387769254
11752108-1a9a-4238-bb0c-356ee6404318,[0.35928091 0.25       0.24437512 0.02015161],7989.325274423997
99f1c74f-67f2-45cf-90dc-2fec66527207,[0.84771467 0.25       0.22775593 0.01      ],11097.748687790932
2d5da2e0-63a4-4233-bcc2-223b2d1d8ed2,[0.71856524 0.25       0.25       0.08742224],12977.872130006803
163ab340-09ed-464f-bde2-c29de54f8743,[0.32136114 0.25       0.25       0.0506674 ],13864.318648095856
579d311e-f72b-441a-ab29-6731576e74ab,[0.74077412 0.25       0.25       0.01      ],15798.008468309068
20156270-59d8-4f26-aa74-d36fe7795600,[0.59978151 0.25       0.25       0.0539001 ],13049.817775403373
c126e6f4-ac73-4279-bf97-2d8a2f30eec9,[0.60312092 0.25       0.25       0.08001296],11091.490394276174
09f1962f-8d68-4765-94fc-ee1a8451f22c,[0.27312019 0.25       0.25       0.05311524],8200.443724455734
72daed80-b424-40f8-b37b-db4c268bc1e1,[0.31616564 0.25       0.24778387 0.07704328],7335.977165967872
5854bd5e-4911-4d0f-b6f9-58bc06014b2b,[0.66233734 0.25       0.23518089 0.19777155],11851.721655514792
5d54be6e-ff98-4bec-b20b-ad6a1769a67f,[0.79211826 0.25       0.18441362 0.10865771],3742.5746022667036
d8bc6aa9-8d47-4dcd-b2a2-94db24e38a9c,[0.44607011 0.25       0.08115316 0.04861129],3657.343903634945
a722ec0d-890f-44d7-ba3f-296fe312ca8c,[0.80465237 0.25       0.18027965 0.06687278],1162.8923653567792
e3d78589-deb5-46f7-8d05-0df2d75203c7,[0.33190167 0.25       0.20322037 0.01      ],5920.185742973886
d136f763-4d40-43bd-ae4e-b983a2d3b610,[0.69556789 0.25       0.21515745 0.07810236],11946.767759524579
28d26a8b-4750-4ac3-b9ee-b91e62f1c05e,[0.52764958 0.25       0.11259533 0.20466645],8051.573091004216
7961ccd3-2d03-4492-80fe-c6c8d285e4ab,[0.34008939 0.25       0.25       0.18649038],6445.39446486703
59303a28-87d3-4c8d-93d2-cc911d6e7002,[0.57001518 0.25       0.200382   0.12183758],13496.778992423606
9a7548c4-0db9-447f-90c3-aaf4a7494ba9,[0.82345142 0.25       0.25       0.11309499],10718.038556923042
fc558e7b-a961-4d33-83e5-d1fc0ee8e32a,[0.31742405 0.25       0.25       0.09784788],5219.44926831303
50dc5dc4-d126-4ed9-8a53-93b2115456aa,[0.51380986 0.25       0.25       0.19658609],4372.770101327132
e2066c6e-f57c-4fb0-a7a2-5b178a412eb2,[0.30093639 0.25       0.25       0.10845775],8935.91929876872
f58b96dd-b990-453f-b415-d61124a87ea9,[0.47641044 0.25       0.12157197 0.07318629],701.6961557958779
be8430f1-8431-47b1-a39d-d40120379ef7,[0.66230236 0.25       0.25       0.03786334],2860.0794916507375
6e17dc3a-f370-461c-9595-e64ad66565c7,[0.51396228 0.25       0.25       0.09402708],6517.899879320907
13e0818c-3066-42e9-89a9-4857762578f0,[0.52580733 0.25       0.25       0.0424217 ],12806.274415105809
fa5e4e2f-0a32-4c1e-8b02-1f458bfd8f7a,[0.67574367 0.25       0.22358398 0.0760869 ],12132.481830455452
90fe5745-00d5-4c9d-8be9-b23ee6f2dff1,[0.78262271 0.25       0.25       0.02734828],10259.33780600321
4f8255dd-74d5-4ba0-a7fe-924945432362,[0.57828815 0.25       0.25       0.04681028],12748.097618569722
d16de625-3c48-49c5-a062-40e7b6ab3dac,[0.1828916 0.25      0.25      0.01     ],10070.653502294363
5d08ba78-d89a-4cdb-9e20-f7b96785e6b4,[0.50587135 0.25       0.20157885 0.06480438],13885.160524799685
fcb15727-081b-4faf-a086-1cbc67374f6a,[0.59098416 0.25       0.25       0.12264295],13330.085469675512
b43a006b-6f23-4e4e-a744-328008e87884,[0.72642684 0.25       0.25       0.11971919],6516.245932627224
a0f98a9c-90bf-4a69-ba2b-76f77d928b4f,[0.56748803 0.25       0.15823388 0.12275062],3183.265533518496
9a6701a6-1a91-4052-825b-ac179039e32e,[0.58170259 0.25       0.25       0.01      ],532.4302976779791
f2c4060d-3aca-4db3-851a-c0cad0921cf0,[0.46255459 0.25       0.19975108 0.01      ],3111.144188097135
d0f11369-b9ae-4b40-a1a1-1a3104cea1ea,[0.30165954 0.25       0.25       0.08266513],4053.9052888590613
142c978d-e27f-4b1e-b4e5-ac7e6a2f400d,[0.37483308 0.25       0.15563695 0.06531202],6572.811248417729
2aa66404-6774-41b3-b705-a8896a8e79e9,[0.77932736 0.25       0.17031498 0.18477939],9797.15799881422
484eed1d-82fd-4847-910c-872f9a555b8d,[0.74944973 0.25       0.14364429 0.1444129 ],4098.707446840931
315293da-454e-4560-a0d7-ee2ec7b8ae8b,[0.61532692 0.25       0.07933202 0.23489897],919.9646513597262
e7417928-1ca0-42f9-8673-88250789d066,[0.68171143 0.25       0.25       0.07496971],11656.111818815762
1ce1875d-0504-48d0-9e3f-2f2e889573b3,[0.61004984 0.25       0.1363428  0.08477042],14462.977951376683
16cfba2f-7e03-4ddc-926a-2ca10bf45434,[0.64636755 0.25       0.17327278 0.18335012],4914.298793639333
36ff2c57-e365-447e-94ad-e13d7d4f87bf,[0.82182821 0.25       0.20976827 0.06564502],1593.1852963841552
fa84c3a5-97af-4a9f-b27c-5cf7482adf34,[0.59207474 0.25       0.25       0.06379702],5398.02182507239
d864b2d6-bcf3-46cf-954e-64e16314b9ef,[0.50617306 0.25       0.25       0.08467808],8744.01446525294
40eceb48-e7cf-4a6f-b640-8810eca30cd0,[0.83139745 0.25       0.18567866 0.11166093],3067.4156087387346
c37d0fe1-aa61-4869-9e7b-238edfc8cff7,[0.61368569 0.25       0.09843622 0.18676894],8668.264843939944
3e557c72-224b-42b1-9195-215a02fab06f,[0.827437   0.25       0.25       0.03029412],755.1081216079432
bba4cdc2-52ab-4973-ace0-6f3a69d9e99a,[0.40155494 0.25       0.23607968 0.11791871],7535.207429597546
dfc0bbb6-8e92-40dd-b2f4-db7826bcc439,[0.78324059 0.25       0.25       0.06862107],1081.5337985049512
1d1c0a1f-a9e0-4b1c-b623-a09a9e006e91,[0.70098207 0.25       0.25       0.06936289],14166.438878040928
b320016c-d650-4264-9f30-d44598a76d3b,[0.61880072 0.25       0.25       0.02570692],13373.765648583092
e07c3fbb-ebbb-4ee0-b7b9-3befb6741231,[0.68341299 0.25       0.22010528 0.14281844],1691.035277022696
c55e058a-c77f-40a1-9fc8-c1a9813adecd,[0.72454141 0.25       0.21081614 0.12979135],11070.909787490566
cc312e25-cf99-4cee-9bee-337964a79de5,[0.62165229 0.25       0.24014912 0.06280421],3729.911940853883
7a5f5dec-dbb5-4da9-a1e9-887e1e7bd775,[0.78918955 0.25       0.25       0.23431743],3001.1882507630876
219be10e-5e95-4ff4-bbfc-5f3f81a7e5ec,[0.61407709 0.25       0.25       0.13594398],9705.820413984397
db7499bc-7c40-405c-b9d5-6f08da00b03a,[0.93212197 0.25       0.25       0.14042531],1652.9698863697429
efc94504-d2d7-4035-b0f5-e4662ecc05fd,[0.55246922 0.25       0.25       0.10138475],3832.5745405495254
2ddf806d-9c06-448c-8d6a-41d9d8636919,[0.80311859 0.25       0.22111934 0.15569041],4738.565577475513
8c1d430b-e9c9-4ce9-bc95-73f1dc9be978,[0.28547682 0.25       0.25       0.08181259],5570.210758541915
9e3b2ceb-455b-403a-8a09-41e28c123502,[0.73194751 0.25       0.21812033 0.01      ],9867.345851006901
6975ec57-5536-431e-81d5-6294b1d84ef2,[0.61424745 0.25       0.25       0.15865805],8722.345914976957
ca9103e9-277b-41dc-b9fc-085fcbbadf00,[0.46640954 0.25       0.18884771 0.12299063],7722.291016997714
a811847a-a89e-4678-b1ac-16c22577cd68,[0.77625504 0.25       0.20292234 0.0250106 ],2317.415398259215
82614980-e58e-49fc-8285-d67ee900fea8,[0.72472047 0.25       0.23750908 0.08500705],6796.374972351895
d5e00574-a1b1-40c3-a6d8-ae410fa51f7b,[0.4561463  0.25       0.25       0.06725292],9823.668135397385
f47191fa-2695-4fbe-bbfc-76f195b3c666,[0.44087879 0.25       0.25       0.01908583],11500.162078854612
c2a955b7-f610-4a26-abbb-fbb79a56c2cb,[0.68519358 0.25       0.24013702 0.02508503],8379.839920067861
84cb019d-16a9-4997-9de4-75d362ba695a,[0.39804982 0.25       0.22352215 0.16435347],9826.931541739257
2c2187a7-c21f-4a23-b0f9-585ff755f581,[0.66605717 0.22862039 0.10478319 0.18116853],4902.4045670427695
22007069-6ec4-4f9d-ab3a-6f2364edf08e,[0.86487151 0.25       0.20867651 0.0469911 ],11778.16182730995
092409e7-ac6c-4955-af8f-0cc33dd99815,[0.65323897 0.25       0.11666458 0.01      ],7146.437526203832
41a40b58-7830-4edb-a789-81bcfede6176,[0.53396823 0.25       0.10933248 0.058486  ],1061.518606246901
453a5e1c-4751-4eb3-a44c-f56701b0bc84,[0.38622271 0.25       0.17928904 0.12723129],7076.670026354207
53c010a7-2a5f-48dc-b99f-7ca5c1e1732a,[0.78970097 0.25       0.25       0.04858729],5892.350607071532
511c499b-3ded-4d50-a6e4-c87f92389e37,[0.84220683 0.25       0.11764539 0.16267561],5085.872043055153
f5b19dba-5ccb-4059-801e-ec06538f4e29,[0.49209608 0.25       0.19923231 0.27720267],4356.430718268384
c953c9c0-c14a-408e-a187-5165f2aad71c,[0.53571598 0.25       0.25       0.06796772],12274.41139211501
28b0a208-feaa-4237-9176-5e1e0fab096f,[0.79758769 0.25       0.19352142 0.07753031],1309.5132094995556
d7c88a27-4000-42ff-8fce-98c1685e84e0,[0.34984969 0.25       0.13565797 0.01      ],7003.952290156705
07483f12-8a25-401c-b65d-ceb45c2e5410,[0.55919325 0.25       0.21881304 0.200673  ],12777.734770935022
67f280c2-1a9c-4ccf-92aa-d5e727969ed8,[0.50643866 0.25       0.17941878 0.13907346],7713.728208360612
d9d243e6-ba38-4489-9278-007c12a333de,[0.65776562 0.25       0.25       0.10434279],10812.203181040775
7a07e77f-da9d-4c42-be68-b2d832c9ea72,[0.67270536 0.25       0.06335986 0.01424392],5487.840453156408
5f9b7810-38cd-4ab4-aaa7-41cf47b3b98c,[0.79673395 0.25       0.14392832 0.03963979],594.8907778909362
da8acae2-ec99-4a81-acdf-c52c402ced36,[0.75365171 0.25       0.25       0.01      ],3003.9017446427474
39847657-151a-46cd-bdae-785df85057eb,[0.47201617 0.25       0.25       0.13731874],4102.247739657603
3a24cf07-163e-451c-805b-909e4680eaf3,[0.88594422 0.25       0.13613462 0.04582386],5521.700551013424
f5084bd3-d37e-4ebb-8804-c0c0f3caae3d,[0.41826993 0.25       0.25       0.04251646],11103.278495354425
4ac2adea-64a6-4100-8199-708950989819,[0.62616119 0.25       0.20324571 0.12499594],9682.150407221567
9c5e6922-eb36-4879-85f4-887981cf6fe1,[0.82958511 0.25       0.07782393 0.06892022],404.2794254193355
f6f02c80-c0df-4444-9fdc-1245031042f8,[0.4126482  0.25       0.18772242 0.01067311],17205.087538080526
dd46501d-4c4c-4cef-a49b-c2c8e133a831,[0.33461351 0.25       0.25       0.05252805],7944.337008181783
2a9bf20a-3caf-40d8-a28e-fd82d93a0278,[0.66569629 0.25       0.20964081 0.0943675 ],6208.920407674729
3400c8e2-a3fe-40f8-8d73-3b5088ff2538,[0.6139379  0.25       0.11715019 0.19768627],10141.05991546784
a362c662-d453-4437-98b6-5d1139b5f88b,[0.39241856 0.25       0.25       0.08877267],8581.25792748112
bbd8201e-8ccb-485a-95a8-e42c5ee69363,[0.12028037 0.22694894 0.25       0.05086334],3049.9720208334525
e9aa7642-6b8c-46fe-9e88-eb2edd5e4796,[0.62727515 0.25       0.24245474 0.06152609],11515.528017336917
571536a4-4ca7-4d72-a666-220803a53d8d,[0.43736658 0.25       0.20469569 0.20331431],6439.107397806915
af17510a-bb42-472a-bf1b-939a3a8dce5e,[0.59552031 0.25       0.25       0.07881967],6021.964913884363
7805900a-a9c9-4f53-95f2-25651963fc5d,[0.38258748 0.25       0.25       0.02184273],14825.563878870986
c34fec45-f8b3-4c4a-995b-ef214ef81d8b,[0.40465208 0.25       0.25       0.06401937],13321.776869305068
c244559b-84a0-42bc-9056-35e5e4eab08e,[0.50001985 0.23847701 0.17235129 0.12799119],5343.623151189486
984abe9c-acbc-4adc-aae6-f3c8ff41e1fb,[0.57271513 0.25       0.25       0.1031271 ],14313.301888496957
4d522a84-e25c-4d0a-a501-b786eba25bd4,[0.58944243 0.25       0.25       0.05489321],5433.206305516027
278f6ebc-def1-4de6-b64d-f858dd94198c,[0.71462567 0.25       0.10377687 0.01941104],10212.072178469025
ae9196bf-b5e8-4dcd-9a6a-4f16e60b3023,[0.35640287 0.25       0.25       0.09783578],4778.5872904232965
3224d383-1a79-4198-a680-562bbeb7ecea,[0.44758508 0.25       0.16232983 0.06686776],5100.861452586931
adebc4f9-f2f6-48dc-8395-dbc52568e6bc,[0.350874   0.25       0.25       0.03754394],9750.467224665834
7000b7f1-0206-4730-96f0-e53ca511b31c,[0.67412478 0.25       0.16183006 0.17350586],8622.222835154897
8ea6a445-37b8-43bd-be3c-79d81ea900ef,[0.5282281  0.25       0.25       0.10628574],5084.503933481452
1a7af4eb-c7ca-4c3d-aec8-8d99bcad752e,[0.61321788 0.25       0.25       0.19607808],3418.9568187333407
0c418664-5081-4302-a1f7-ab6e776490a6,[0.70657852 0.25       0.25       0.04463407],12434.838793451267
9a2d46ea-efd4-412f-9181-03d4da27f17b,[0.56289347 0.25       0.25       0.03519875],15024.939275296798
f99faf6a-f167-48a8-aed5-7d30d45d52e8,[0.83445864 0.25       0.13803884 0.07143649],5059.146511367102
3a1aed33-9ef5-4b1a-8286-4b9e2736ee21,[0.33684706 0.25       0.22331951 0.1000746 ],9462.659776359202
7fdba433-ec66-4119-a423-206ae81afa8e,[0.78533307 0.25       0.21588039 0.06113153],4866.759927477215
f5396e02-a7fb-4a7b-a435-b42efe74b5a3,[0.70644399 0.25       0.20947959 0.02778068],10699.943401671271
b09bf1ca-b543-4399-b434-e40d7f1a99fb,[0.34041534 0.25       0.25       0.0210078 ],8592.786559242375
996469e1-aeca-4a58-87bc-ba94c820cf57,[0.27006974 0.25       0.25       0.07105149],554.7304065625347
a6e44d6f-f3cf-4085-b927-68d1fb7dbbd7,[0.59351249 0.25       0.15751141 0.01      ],6819.235745922696
febb5be8-9123-4f01-b192-da5aa0d0aa8e,[0.59070443 0.25       0.22121456 0.02921883],15740.147707559869
cf855b7e-4343-4e91-a829-fa42ec5a7e41,[0.60862966 0.25       0.11956968 0.1635597 ],4600.404302223333
de3510b9-61a2-4c07-8233-dcb5d69b4080,[0.47391004 0.25       0.25       0.06283009],7676.632027604143
79848802-d9cb-4dc3-a8db-e172aac29560,[0.63016985 0.25       0.1752519  0.13012597],9967.853452997402
c64c8108-8aa8-4cda-86d2-c2630ddbc0b9,[0.80790688 0.25       0.22834153 0.11112923],8047.100987487273
e7966b44-177f-4e2d-9687-f2e80f14c8e7,[0.63999872 0.25       0.25       0.03091768],1114.8320746349543
71875534-0782-4da7-ac22-f94e1dad2a41,[0.40274441 0.25       0.25       0.0290079 ],11875.295631051984
504c5705-8a13-4100-a1c1-13ae9d38ca29,[0.62123049 0.25       0.19464703 0.07685356],8029.284788352433
04432097-4abc-4236-80e5-03633bf9f53f,[0.68448085 0.25       0.25       0.06309583],11245.782519619754
86b3ebee-505a-4b52-9c64-e384057e69c5,[0.62314635 0.25       0.25       0.01      ],13076.22488459437
fff4682a-e34f-4d38-8d63-a96ae82b99c8,[0.81262856 0.25       0.22865224 0.03747232],3480.5156129405295
e64e601f-1092-4e3c-a383-c09d70909eb5,[0.74742994 0.25       0.18713021 0.10937496],1083.0124171834816
85449145-a754-4599-a224-3ce08db7aee1,[0.70030349 0.25       0.25       0.0781388 ],10527.274910540307
5b4e08aa-d80d-454a-a9e5-1f261e79110b,[0.70238253 0.25       0.25       0.01988307],5473.491224683509
8e1e86c4-a777-4b90-a23c-f8974a84d634,[0.63456354 0.25       0.25       0.11508498],5056.948621716795
0e6197a1-e535-43a3-a46e-002b4a10850c,[0.61802726 0.25       0.14580505 0.10889443],6323.194936856984
755fccc8-b733-4b8e-b851-098dc23815a5,[0.71855477 0.25       0.11468174 0.24822955],2681.9945915017765
c6f553d4-16ad-4c28-93fb-7dc012722c5a,[0.73296281 0.25       0.25       0.0656195 ],825.9903355447002
2ee17123-e8c3-4ace-85b3-ae341e6707b3,[0.4782461  0.25       0.16002997 0.01      ],10365.071589861105
b13e58da-dd82-4099-bd0c-2a31885f42ca,[0.44169419 0.25       0.25       0.15723797],3450.1581629075936
522f5e8e-ef03-4516-8e88-54620d5cb161,[0.54144087 0.25       0.25       0.17804184],2847.120396926775
f327cd9b-511e-4312-a9c8-0720ca05f518,[0.65466433 0.25       0.19058173 0.01936063],12267.132637839699
c55c2fd7-b231-4ec2-9563-a1124856a30f,[0.51818985 0.25       0.21703412 0.01      ],16510.172095176193
732095ae-b600-4ad8-9fa0-3a35da31825f,[0.60018879 0.25       0.18315    0.01      ],10533.707007319032
20b44736-7253-45c7-a751-69369ef988d7,[0.31335657 0.25       0.25       0.10714926],3895.632713696997
ec7813dd-f99c-4e8f-80ce-381c745b6d9d,[0.63694781 0.25       0.25       0.04685201],11522.915273383984
1003434d-266f-429d-84c6-2972d3b91708,[0.487009   0.25       0.25       0.01046204],6233.174022968537
4c19d664-5e78-47c3-8252-6c640e352a45,[0.72092894 0.25       0.21322139 0.01      ],11384.392235568708
f8e83185-ace0-40e2-b8ca-5e3c517b005f,[0.59096605 0.25       0.25       0.03932859],8608.884691587067
6328e4b5-bf71-4c27-b62f-858a738123af,[0.65861888 0.25       0.25       0.16949379],7291.794592540536
38d0ec59-162e-4fdb-b8db-2aa31da5966e,[0.52085927 0.25       0.25       0.09084672],16758.55489694113
90e62bb0-5240-4651-a658-76992c805ab2,[0.72053848 0.25       0.14593961 0.13536984],5180.935280980616
637cac3f-46ab-4c7a-9621-9d25576163e6,[0.3020423  0.25       0.20998322 0.1975893 ],3469.9384324715475
70ea8d51-c978-4e35-a9d8-87f4dfd326a3,[0.76876879 0.25       0.23490604 0.0511165 ],6205.523003692973
1f914639-dd20-47cd-95d3-153ee97afd72,[0.65183417 0.25       0.25       0.01      ],1240.3176240860791
261683d9-4885-4a21-8a8c-9e567d10d8c7,[0.3246864  0.25       0.25       0.04277539],15184.302392387917
03569f47-4f9d-4d3a-a7ea-b41dafa7f134,[0.75454282 0.25       0.25       0.01      ],13431.169576453829
09993b1b-f84c-405e-ad92-900e498f61f9,[0.392108   0.25       0.25       0.03205876],10179.108234999767
88786c10-87ac-4ce5-a2f8-9158083926f2,[0.67032491 0.25       0.20391879 0.16354291],4339.3932366487315
f0cbb52d-e0d3-47a4-b16c-fe50183f202c,[0.81308208 0.25       0.25       0.07484399],2962.8782481280714
29b67b5b-5316-4a88-8d64-a500752c4810,[0.55790189 0.25       0.25       0.06548182],16195.115366705793
a5ca8cf6-cb2e-4430-909a-85bd5806908c,[0.56461967 0.25       0.25       0.08355507],1369.4972955470478
4a5a65db-8b3a-4eb5-ad2a-1e3d46d760db,[0.65476767 0.25       0.12203206 0.138679  ],1559.2378888963187
84504c9c-3d95-4467-92e3-03a06cb1268d,[0.6563507  0.25       0.25       0.32009773],7633.436535474825
e8bac737-a6e3-49a7-8ae7-44281646f007,[0.18737472 0.2338979  0.25       0.03372369],6629.385683083517
18c649d1-04ee-4940-8896-9c1fcadb9f72,[0.40033214 0.25       0.15597073 0.10745   ],7549.474067474286
5d20a1b9-7ecc-487a-b3f4-464a585d560d,[0.55357518 0.25       0.24457789 0.16105228],3680.5232694012484
519b131c-a831-45c8-a915-fb6c78c27a0f,[0.61363824 0.25       0.20541747 0.13872175],11764.88836575849
9b46a9fa-b8c0-4998-aeee-46baef0bcaf6,[0.49245051 0.25       0.24700752 0.13054889],6395.608854963525
6fca6e65-f81f-4973-97fb-e9686b0e28a6,[0.57688941 0.25       0.24402987 0.07553312],8469.378818640507
6199ebee-100a-4405-a339-4bb9e668f5c0,[0.64497874 0.25       0.17857811 0.0799489 ],13251.824179978299
0d52bb42-0027-419d-b809-33fc63d5e989,[0.42607839 0.25       0.25       0.05840491],6202.60329174393
6a064ad1-df38-4399-8baa-945705a682a9,[0.64806986 0.25       0.22293631 0.01      ],13970.039793252417
4ed94d88-704b-48df-8d58-b8e6da253a1d,[0.81188013 0.25       0.25       0.07680966],3187.895843732845
18565e4b-c1d2-437e-9b25-626944bc3b35,[0.56228246 0.25       0.25       0.26010722],5882.177006433579
337b6d22-f55b-4c78-b1dc-986357b5ac03,[0.68557193 0.25       0.13417189 0.22654818],4521.476352293678
e5ca02d8-14c2-4e61-ab80-36e94549fead,[0.34435372 0.25       0.25       0.08817032],10872.982382047832
dfc7ed2e-ad55-43af-8141-d1cd8434a988,[0.62588654 0.25       0.21717291 0.15726284],2192.291623838199
4adc1dd2-9bf1-498b-bb1f-8fb36e436fa2,[0.64721849 0.25       0.25       0.1376554 ],4282.469555460655
2a1617f2-9645-4faa-91d7-3576d7e3c6af,[0.64592143 0.25       0.23318887 0.09072489],12049.981064859681
5f93c862-ae6e-4e88-bdc5-a617328d8926,[0.59310599 0.25       0.25       0.04067333],14487.639315894141
b9d672db-ba9b-4e28-9b25-c45e8d8a760a,[0.59517127 0.25       0.12583271 0.13100583],3796.55252733092
aa8760f8-335e-4609-b5f4-19c71d1c3c94,[0.50512264 0.25       0.25       0.15928681],5186.607707122191
5d567b23-eb63-44a6-92be-541b2744b33a,[0.33185294 0.25       0.25       0.04192475],6448.702108106683
16a11dad-f9b9-4e9d-a9d7-bd201afb606d,[0.38526652 0.25       0.25       0.02248225],13151.540543961957
61ed7ef1-bbc4-40da-8e31-a6f84d45b701,[0.53509146 0.25       0.22390529 0.04698192],1206.861454631116
d2c6532b-ac7f-401c-a7b8-987f8ab4b416,[0.5689996  0.25       0.25       0.06027259],1899.0297129938021
f9cf6b90-c189-40e8-b145-6df4f9e90fb5,[0.74721642 0.25       0.25       0.01323754],14218.144022794342
66346973-e4b7-40ec-bdfb-f601239de7e2,[0.71871044 0.25       0.25       0.09220099],505.85965972869053
60fd7f1c-f8f3-4079-bf57-1d3e32cc9f9c,[0.69678694 0.25       0.20659451 0.01138141],10715.439933649091
29492b6b-6eca-4c95-a707-6794938adbe9,[0.56300669 0.25       0.13966992 0.1634017 ],6780.335323110734
545888ca-f25a-4c8a-b8e4-6a13a71a32ba,[0.5188587 0.25      0.1244621 0.01     ],14840.33440327014
98adc5fc-be83-4eb6-be8b-0f1cd7b8f021,[0.49178539 0.25       0.25       0.08989022],11306.267087064913
e8a94ff3-989b-406d-9c93-981eb26a9e24,[0.86409348 0.25       0.23117182 0.01042195],11075.624656014075
23e7f100-6f52-4cfa-a101-58ab1b3abe1c,[0.66925729 0.25       0.25       0.02909352],8107.2028206326995
325ebc89-7772-441d-be29-0df2f84f4c39,[0.88543136 0.25       0.23696417 0.07064651],14553.686511312771
27b3dd65-3bec-427d-b535-2a3f27b212bc,[0.56334091 0.25       0.16061334 0.06534052],892.6958553322529
f6eaca5a-7630-4ebc-9bf1-6709b9494ab7,[0.63842311 0.25       0.17914473 0.01      ],8914.857780586246
c057aa6d-7a88-41ff-a740-b2795c290629,[0.71992636 0.25       0.22764515 0.01      ],10857.233246507783
99465b7a-3423-4bcc-8ce5-beb41d3c46b5,[0.45635536 0.25       0.22488024 0.19251115],7419.396210508185
131330e3-6e35-49af-a61c-d6b8ffb35d21,[0.56223111 0.25       0.12051058 0.01517533],10008.200093229114
569d2fcc-ce82-4e8d-a26e-3a8151808f85,[0.86335796 0.25       0.18408549 0.08087575],6697.888810336098
df2694c8-459d-4fb8-b187-8c6ad9ab3a22,[0.68261961 0.25       0.19184602 0.03695684],8986.927538351169
93ff5e88-9ab4-4c5d-a95b-08e6648058d5,[0.37248541 0.25       0.18791148 0.14204496],5873.3086905290875
38432cb6-e1d1-4164-9c21-ec10d548be40,[0.33181526 0.25       0.25       0.10223232],6581.2847229131185
ac002baf-842d-4309-a43a-1c17745814bd,[0.77498547 0.25       0.1134478  0.08635262],2723.376380837734
4d5b6ba1-29a3-490f-beba-08d946f89801,[0.67618619 0.25       0.25       0.09473024],1591.9918857059051
12548783-85bf-44b3-ba46-07c0af8fdd7e,[0.60850663 0.25       0.25       0.09928988],1366.012755592318
9fd8cd6c-49b8-4a86-8b05-4d082f43d0f0,[0.70076094 0.25       0.13849245 0.11485617],1114.5728072439426
51c63729-898b-4c55-ab87-b186544e7b13,[0.64760327 0.25       0.14499488 0.05760022],6211.596140636237
bb0de9bb-cd77-4b4c-a1d2-c565ca4bb907,[0.41825973 0.25       0.25       0.07146508],9387.260610139145
67774957-239f-409c-8d1b-51f3842ed504,[0.71559123 0.25       0.19450859 0.15869549],2752.7261681078344
9193ddcb-91c8-456f-8d18-8c71e2a91a9d,[0.37195752 0.25       0.18744483 0.15055153],8106.065864376876
4a6275d2-9e51-4098-baf3-f2c45f98df4c,[0.81026104 0.25       0.21404119 0.18738952],13945.665523846554
15a04585-830b-4521-8d65-93ee5e6f3091,[0.70423488 0.25       0.25       0.02293293],12110.584598500744
3469d983-f1cd-4a9b-8304-cbba5a924d5e,[0.81033296 0.25       0.23924489 0.05365479],725.2674941258556
0f068544-3cc4-4995-a9c3-b72e6f8cda3f,[0.28541514 0.25       0.25       0.05312829],6084.1506429479805
dcf0e3ba-8d53-40ba-8ee8-21268c2a1bca,[0.52452677 0.25       0.18942101 0.01      ],9460.085580505985
4880a96c-5594-4ef2-86a4-b027fc30f670,[0.68123644 0.25       0.25       0.0140567 ],9100.801009975312
e001a2fe-04b9-468d-b56a-2b04c33d0c56,[0.37757777 0.25       0.22482102 0.14352592],8190.830829630326
f5ccd965-bb82-4983-8148-fcecc30fc5e0,[0.68937147 0.25       0.08301589 0.03228328],4573.144283704626
64919fa8-1466-4804-be80-42f292179c9d,[0.81909293 0.25       0.20564853 0.09351372],2589.755930413904
f07bce69-3383-4ae1-aaae-89cbd007dc34,[0.49199132 0.25       0.15285772 0.08424433],7308.973489622648
039e5704-596f-4b02-9b8a-4e838474e793,[0.60722382 0.25       0.15404193 0.22801274],2322.0599883338614
3f2897e7-ebee-471f-ae83-d4016aeeb557,[0.69389765 0.25       0.17790044 0.1481441 ],691.8061464805008
446b6d24-d23d-47fb-b550-c3c1ed2c5c78,[0.59765542 0.25       0.23999808 0.15332255],9876.524479936166
098bfde3-141e-458e-87e0-882fe4e6d13d,[0.42511405 0.25       0.25       0.07321104],7122.99737141179
b3107182-abb7-446e-aa9d-5abacfa83a43,[0.63736907 0.25       0.25       0.20656545],4708.4433083954855
d6b15d38-530e-4853-9c43-47034d168e3f,[0.67208835 0.25       0.15246499 0.16147488],1102.091544707734
09ac656e-bbd8-4488-81da-232362e1ee4e,[0.40661504 0.25       0.25       0.03984086],3500.3223460716104
3bba38d5-5a93-444d-b4d7-10d17a84e6e2,[0.56628209 0.25       0.20566557 0.07237431],14276.831062451993
52649063-534f-4854-9497-9fada6aed5d0,[0.52901385 0.25       0.2143891  0.09077628],15437.489687147172
82711128-586c-4478-aa18-0cc86aa44257,[0.40658425 0.25       0.14274087 0.01      ],8124.299150038156
c36dfd31-32df-4934-a6bd-50d858a1ac85,[0.64387906 0.25       0.12676866 0.18868123],3347.7523495943583
1fe28aef-02b1-4cc9-9e2f-91481dedcb46,[0.20104086 0.25       0.25       0.03730401],7204.911942377792
ccacb164-1af9-46eb-9228-9817a67bdeb3,[0.82680715 0.25       0.24314137 0.01      ],12907.124131583765
2124c6fd-a54e-4435-a0dc-e34f1f433197,[0.36722796 0.25       0.25       0.01262614],6409.319226770555
80b6a495-a1d8-417a-aff8-ea4d4e42692b,[0.63963849 0.25       0.21769087 0.12536568],8900.744080740364
218a4809-fcb7-4fe3-b655-b182e5994c45,[0.68927585 0.25       0.25       0.01      ],10836.785364012518
eb9802c4-083f-43cb-a54a-153c6ca8be9e,[0.24286965 0.25       0.22749405 0.01      ],12571.402080667229
eecaa0da-6ea7-4838-9545-6696a45013a3,[0.76967847 0.25       0.21891374 0.05688415],1298.1899293576603
a618961e-cb0b-4108-b700-a342c98b3447,[0.38636011 0.25       0.1482791  0.05309654],15496.14745550489
c3e7bc1f-1187-425e-b55e-d1b3a97fe533,[0.67317928 0.25       0.25       0.15567754],13952.720786410673
33fc3084-8db1-493b-b00c-84f2308c1a50,[0.75181652 0.25       0.15049972 0.16630884],1470.1552208619412
9d9d8afa-d27a-4fbd-8a97-fbfc29ec4cb4,[0.77985845 0.25       0.25       0.0357937 ],11536.452475287644
afcd583a-b38f-4714-9781-06fab46ff610,[0.86457369 0.25       0.18848394 0.08626982],1612.5939448629965
733dc7b1-a5f2-4133-8f5f-cae17685b6af,[0.77543806 0.25       0.23173727 0.05478938],1281.2370637755034
43537ebc-4162-4de1-9663-7fe0e3fc7648,[0.52191244 0.25       0.25       0.1046213 ],8475.194466418143
3ce07846-117d-42b1-bc32-7c2a6959592c,[0.69377383 0.25       0.25       0.12966634],1433.8959677074656
46dde501-15ba-43fc-9c3b-fff0c5c167e8,[0.66653743 0.25       0.17595431 0.24697857],4384.673345619487
df669db2-1b66-4bfc-9658-baca4566e37c,[0.52289434 0.25       0.15736753 0.258469  ],4870.523770375275
a73f8cd9-0eac-4388-b36a-c3fbcdb38dc8,[0.71318479 0.25       0.23313697 0.05549382],15007.459792676496
56b4333f-b5c5-4304-be52-75868a05696d,[0.41986667 0.25       0.24727369 0.04115846],4767.952448053354
e34aa26b-8a3e-4710-a648-a5164dc1b5c6,[0.68662031 0.25       0.12576127 0.20855619],2716.2700646655057
462afe41-da5d-4436-a3bf-f23af318bdb4,[0.70237147 0.25       0.25       0.03975214],8732.014663615117
0d94211f-af16-4dae-b8be-5a2c0c3be061,[0.51943685 0.25       0.25       0.04971836],15557.185323133335
5920a254-6162-4b7f-ae8d-4f844d213cc6,[0.83245455 0.25       0.15927282 0.02702555],414.91535269699983
118dbd0d-eb42-47c2-9cb6-78d5165cf733,[0.429446   0.25       0.2078325  0.07216343],3479.7344494501813
45e0f985-2c8e-41ec-9f70-d3f5db3a6c4a,[0.63055063 0.25       0.22353937 0.13430644],8917.799111102599
8e7fcda9-2666-4535-8332-335e0529df6d,[0.36980854 0.25       0.20287161 0.12809112],5772.860018642402
f0f85fbe-b71d-4c6e-8b62-e057b4fc023c,[0.57955644 0.25       0.06266356 0.04518409],3157.64621970178
ecea4354-2e35-43c1-9131-a96227324112,[0.5648822  0.25       0.25       0.09507016],4221.182634519139
0d24a861-d008-46c4-bd54-16172b442d82,[1.         0.25       0.16852585 1.        ],7228.592998526634
d550026c-5e79-4a08-b9fc-11e8eab1a19a,[0.75541097 0.25       0.18779934 0.0132079 ],11956.309971817982
de4e3e0d-9097-44d1-996c-037940aec336,[0.39050665 0.25       0.25       0.15054905],10346.434081585625
c60d4d13-8af2-40e5-b0b8-70493eb71fbc,[0.49937643 0.25       0.1832334  0.11801181],2977.766677977737
55c30861-d7eb-471e-861a-02b38539088d,[0.33836588 0.25       0.23828975 0.14422765],2594.1428614500314
d58bd3c5-c9e3-4b81-9126-bae557d8f6f3,[0.5287252  0.25       0.24746361 0.12773461],6568.645371040526
6f408f39-8b2a-4c1d-af9d-278a16c28880,[0.59399064 0.25       0.20220131 0.09643671],11352.361069489965
9943793b-bf04-4cbe-9298-7f79ff703e8a,[0.69731919 0.25       0.25       0.04167457],10842.10439760313
fd7f8b78-4c28-49a6-a436-486da8e04c7a,[0.63464796 0.25       0.21488103 0.0898833 ],15248.690002728556
91766e74-acd8-4d8c-8d7a-1c59bac8cf98,[0.78351615 0.25       0.21793531 0.01160314],10608.897209459006
084759b6-01dc-4fd5-bdaa-b43deef435ab,[0.70821654 0.17071317 0.21046051 0.18994356],1126.9904361115832
3ef088b3-c63b-4385-bb85-73102918386c,[0.43139163 0.25       0.25       0.09568932],7325.755419234447
b00993e8-364b-46de-a9ad-abd6f5aad51d,[0.67630143 0.25       0.23969676 0.15065386],1817.526153697113
c7833a7c-4e7a-418f-8ea0-47332addc0d2,[0.73985635 0.25       0.230457   0.05781093],10000.350261584652
216c8c4e-50fb-421b-b7f5-56969162eabe,[0.5553745  0.25       0.17789873 0.01      ],19204.143808408244
2e61f914-d37b-4d97-b4dc-c20c4e7f16d0,[0.18797142 0.25       0.25       0.01      ],18734.246685421556
489d76f7-3e92-4428-8120-f17977b3a3db,[0.43817566 0.25       0.25       0.09929925],8462.751796218243
450a8d2c-ca67-4fe2-9103-edf391c48b34,[0.84845797 0.25       0.17657548 0.01      ],401.960660926061
b023118f-23e2-412f-bb41-6d89bd771355,[0.66439925 0.25       0.18239212 0.06732956],12889.7576048779
d7c57b33-384c-4105-aca9-b33f8826d4fb,[0.72019194 0.25       0.1729461  0.06815712],11822.256650217296
dc4e5db1-45ef-4761-b807-d6ca01524803,[0.55379751 0.25       0.18295909 0.0666922 ],2073.152671380615
7ac63c2f-bd69-40b7-ae27-26206f87cd1b,[0.37175427 0.25       0.25       0.11322943],3167.7058677715713
cd121ddc-232b-4ff8-9e51-667074dd2306,[0.60137523 0.25       0.24783237 0.01872373],9695.274247042295
5941a617-004d-4296-897b-8b362b7def1a,[0.72142113 0.25       0.18152038 0.27117175],1395.8361113009412
b28f530e-0870-4694-bd6e-4f9d760204c3,[0.61118295 0.25       0.25       0.03315259],14992.730990749465
85cf627b-d58d-4a68-9257-74adc453c515,[0.56084639 0.25       0.12132594 0.02288922],11134.362165599106
f5477837-29c8-435a-af1a-06d0b9d4bda6,[0.87996423 0.25       0.20192487 0.12583558],3096.4534355839537
33f4410f-577f-4444-b7a4-97aea32745de,[0.52962472 0.25       0.21089312 0.12848375],10235.030580661045
cf5c1dbb-741f-46f2-a17d-847c685fc624,[0.50302309 0.25       0.18333206 0.01055155],6354.84141211592
4fd3ebd4-0745-4136-b140-7240d8be0c0a,[0.6570917  0.25       0.24611361 0.06557717],14497.316231247984
8fb91736-a720-45c1-b9af-e534c1b15112,[0.68324836 0.25       0.22419215 0.07443144],10584.029592832369
c778ab54-316a-43c0-a47c-36ac8005dac6,[0.62267456 0.25       0.16427066 0.04111393],803.4079904578581
63b0d6a0-e8fe-4e8d-b197-f609bad2602c,[0.8619886  0.25       0.20403933 0.01      ],8042.793520795144
70ebafb7-70e7-43ba-ad95-d7eff549531a,[0.64227849 0.25       0.23868306 0.12512183],2890.4777134123747
810a92a3-1e0f-4847-b238-3d901f0a673a,[0.35376087 0.25       0.25       0.13051263],5143.099935859617
72c4a7d5-c8aa-4575-ae1e-1183ed066d27,[0.45856662 0.25       0.25       0.0480471 ],12428.879259409234
aaac1f38-0caa-4dac-a287-d7db1eecdd9d,[0.77285385 0.25       0.25       0.05001123],13873.49345660667
c48e3079-ae44-4852-b808-bbd7aeb32818,[0.43928271 0.25       0.25       0.03838436],11227.82264561324
6281244f-42d9-4986-a260-305838a3537f,[0.55888612 0.25       0.25       0.05663568],13607.165990799667
3f823347-0d7e-4a1a-9388-2ed3a958f201,[0.74784547 0.25       0.11601721 0.01      ],6156.338132456343
c0900a1b-ce1a-400e-afb9-4a50e22936e7,[0.27503374 0.25       0.25       0.17263836],7434.730183942899
848dcf52-79ab-4fda-b518-193d346ebc27,[0.5390897  0.25       0.25       0.05396807],4937.914276299702
fad0413a-03a1-4015-8c91-81feb2c0ea4f,[0.57195544 0.25       0.25       0.06163927],11130.95766541833
713f6dbf-dc44-48e6-85f1-3fdcc8708ece,[0.59365335 0.25       0.24205734 0.07626182],6715.230833288933
6c95ede8-013d-4add-bb70-60d3b5013f22,[0.62310417 0.25       0.19391712 0.05999604],12106.210016165021
e8933e9f-073d-4bbf-a166-90f14fe8dc54,[0.6960932  0.25       0.25       0.10162352],3744.4648215033353
694da3f4-46a0-4e4d-95fa-52c7048a2533,[0.57349278 0.25       0.25       0.14593274],9482.074790266246
015b2b75-ce0c-4c4b-b1ee-fff91ead8b53,[0.55580756 0.25       0.23110068 0.07494521],2933.7939754804784
e321c929-c3b4-458a-a6db-8178dc761171,[0.2973985  0.25       0.25       0.04299993],4176.852621382432
2cba3d21-5adc-47e7-a398-562ab1819939,[0.24828918 0.25       0.24115184 0.15626754],4251.680083439404
07cb9dee-0e04-4a0a-8939-3942ffa20bcd,[0.35108268 0.25       0.20154685 0.08459431],12321.20976796402
ac920105-988c-4bd4-b486-df47ca291972,[0.71933781 0.25       0.17679373 0.12829403],3481.123038804972
a8cc6cd7-c231-43cc-a46e-64349a6f22f7,[0.83569438 0.25       0.22913426 0.16695838],7634.607202192527
bb203ded-690c-4e84-9583-e5fa3d8ddc11,[0.65333407 0.25       0.25       0.01736934],1507.3298946588827
9a2f7248-1a07-46a3-ad14-26395071810f,[0.61396901 0.25       0.25       0.01      ],1143.1789562232764
5597cd56-637d-4334-9112-26673607d088,[0.60670303 0.25       0.24324998 0.1257299 ],8744.002723735479
23c471e3-1542-49f0-a5db-58b2ce4e6359,[0.85020805 0.25       0.22607041 0.04287155],6316.496546850848
e139c71e-63c3-4c93-a76d-a74bb2a0ef0d,[0.52294357 0.25       0.23739546 0.03299456],12066.484793014512
34c484d8-ff2f-4ed8-b98d-c5d52f6a0341,[0.51903679 0.25       0.16209263 0.17547067],6761.583026563866
4382e689-7685-469b-bfa2-c4fb022f8c3e,[0.41520355 0.25       0.25       0.04844634],7299.623885417336
90584991-202a-4c3f-b75e-728757e6cc8b,[0.56326846 0.25       0.13538652 0.01562741],4952.588515969123
e0d7c5a7-f7b9-40e0-ae58-58752d212f4b,[0.50135795 0.25       0.25       0.09225787],10636.521868572285
0b64f876-550a-4306-ac19-9b331efe2821,[0.36069982 0.25       0.25       0.03760409],10526.247686456989
92c0b49a-28d0-472d-b652-bb7753a9a2ad,[0.48299268 0.25       0.25       0.07873057],12881.470326152965
fe2aa487-de7a-4b00-b5a7-c16e6dcfbc1f,[0.33992344 0.24869556 0.25       0.15077308],4136.892601407897
73321ead-a163-4887-b04b-dcec0e1dc4c6,[0.82887009 0.25       0.21214195 0.02226795],683.763402686685
bc035c53-5961-4a28-8a54-6d16da7a3b90,[0.92092982 0.25       0.20549346 0.01      ],10497.288637241081
032d1482-9dc5-4874-9aa9-1ea4234c42b1,[0.41467103 0.25       0.23649552 0.06590642],7693.137032034196
dc06f289-4c19-4c8c-b6ff-58470efb450e,[0.74952521 0.25       0.20056602 0.05992804],11335.792473225158
2bcb0bc5-7cc8-486e-b9c3-641b580bcb42,[0.43187209 0.25       0.22035487 0.02577864],12237.109430657967
25c684fe-7b0e-4fbc-a357-fe4e86e897fe,[0.50068171 0.25       0.19896143 0.11588022],6616.278547722646
96a3cd47-f84c-49b0-8e41-5bd308847b14,[0.42002183 0.25       0.25       0.14078877],2991.7188460099055
c311c889-e6aa-47c2-a9a4-9b6bf538bef2,[0.70134824 0.25       0.25       0.01      ],14061.746991947817
73ee6368-c247-4bab-aac9-8e8a3a8a025a,[0.73566315 0.25       0.23236638 0.10289551],14177.5124145068
864ec1b7-0d3b-4251-9ac6-f6c29c35ea84,[0.41309181 0.25       0.23345955 0.12746458],6878.996467565521
d27dceaf-4498-4af4-8622-b2404e130502,[0.84856915 0.25       0.19970634 0.01      ],10430.80931459631
6caea2a1-d130-453f-80f6-01a8ea965c6e,[0.43939684 0.25       0.07124136 0.1973178 ],4527.391734654451
72015ef5-4931-4393-a7d0-18e6ddc173a4,[0.36998922 0.25       0.25       0.17647404],6929.6641901707235
502a4412-e748-48e6-ba4b-7306883743b5,[0.22363198 0.25       0.25       0.03774127],9769.824260769885
f8df9feb-b5f4-4661-8ff2-e8b9cbc7a747,[0.56241672 0.25       0.24881748 0.09275046],11289.987141174088
55c9fd87-6b32-452d-a89b-93bd5fdd4f3b,[0.56361868 0.25       0.21481148 0.01      ],5977.855172842764
737a6a8a-7aa0-4049-80b8-9c1f7bb1b006,[0.54191768 0.25       0.16232533 0.05718622],10393.038281123216
d72cadf0-ba49-4e6d-b825-1c3a98002778,[0.61974835 0.25       0.20877965 0.19520148],5525.013234541185
2768e6e9-30df-4f40-ac31-b55a35868853,[0.85691 0.25    0.25    0.01   ],12152.951603952342
43ccfb28-1d1b-4d37-b98a-154b18394518,[0.36652314 0.25       0.25       0.02915423],11020.309554994656
77a4f374-e021-4873-a0b7-5649d4861246,[0.50175008 0.25       0.24686516 0.1181006 ],11380.086437259848
d43c85d0-f903-4d5d-b8b4-c79f2899ef4d,[0.48125851 0.25       0.23798325 0.14463787],3505.3639025165867
642309db-bfba-4970-8531-48eefceba6a3,[0.50057377 0.25       0.25       0.25478013],10878.062326842726
0a052c54-9941-4b37-8c20-562157550779,[0.76373248 0.25       0.24292581 0.01      ],11340.80649278115
516f31f3-af33-44e1-a856-d5492f7b0712,[0.74328403 0.25       0.25       0.05971392],5490.1565553302025
f89edc08-0e58-4993-b389-9eaaae381ac2,[0.55150038 0.25       0.2176349  0.16410951],11975.879571331212
54fb9626-415b-4021-8d88-7fe8c84ea2d8,[0.75736098 0.25       0.15965422 0.22067924],871.8924118581782
473fc906-4b1d-4660-8122-5c9f4ba35dfb,[0.57860045 0.25       0.20136426 0.02977921],6582.258305332991
092b871f-664e-4fae-a64c-bfa6829bf5da,[0.72487611 0.25       0.21331899 0.03947944],8164.724779655924
94c7d707-b559-4b11-b2f6-67ae3061e07f,[0.87400789 0.25       0.22607549 0.09525032],4099.352611875786
649da195-1c3f-49dc-b80c-3ae8cd923f21,[0.49524064 0.25       0.15959114 0.09615821],6940.0908929161105
7a37a06f-ddcf-4c06-8fce-3d50e8c3abcd,[0.77153799 0.25       0.11156059 0.01938016],6182.740662097183
9d681349-26c6-4512-90f2-77f93a872560,[0.57220691 0.25       0.25       0.05184193],4689.625704826187
f97c0b1e-30f1-4661-9c17-cc4aeb804f9e,[0.6024292 0.25      0.25      0.01     ],14903.857848445086
ad17ffcb-a7df-42dc-83f7-14ba39ea62f5,[0.76555494 0.25       0.13421516 0.17908269],1292.3742656282054
44245e2c-d3d2-45cc-9225-9fed11c488f8,[0.66873527 0.25       0.25       0.08109542],1268.3423024264528
adad2102-8d72-4910-921c-a3122ee3680c,[0.37290578 0.25       0.23797948 0.07717554],6092.151328495625
ea2a796b-33b0-485f-916e-67e37be6f77c,[0.66944584 0.25       0.25       0.03955603],10785.858492383588
04794d28-467e-40e9-8731-f26b697245b5,[0.67504726 0.25       0.18410881 0.23015006],3170.9054756653973
5ac11f6a-6905-462c-b585-9381f5766e72,[0.60126837 0.25       0.2013427  0.12621784],10382.36571874627
11860d6b-03cf-4f6d-a43c-b3c275f4e069,[0.44240923 0.25       0.2476322  0.15776346],9025.341830744048
224ebe1d-0c82-4f7d-95c9-9b44f01c22d9,[0.74572932 0.25       0.25       0.01      ],452.2631181509732
2cfe2508-a7c2-412b-bfd8-106e72d200e9,[0.46011678 0.25       0.25       0.02852365],3214.997043124521
30260528-8c49-43b5-a01a-8c912f0841bb,[0.78165133 0.25       0.25       0.06888536],3678.975318757407
8186d93f-2c56-4de6-8420-9de54b1dac0c,[0.23027692 0.25       0.25       0.07245371],13430.502693478622
25bdfc4f-c07c-425c-87f5-ca2744afd9bc,[0.53505314 0.25       0.05466184 0.21298916],191.23727498230215
cc7a4854-452b-4775-9347-2711e25ded0e,[0.81582054 0.25       0.2088057  0.05268549],9471.713476920857
a9987345-f84b-4867-91ef-98c7a7275101,[0.46927248 0.25       0.22775576 0.09965715],9344.125739019222
e89b7d56-c912-4987-94c2-4c1ea4e0c436,[0.52338949 0.25       0.25       0.05672062],8288.887020930055
f88c69d7-6c14-4862-99e4-1ddd90bfcc58,[0.66436569 0.25       0.25       0.1297126 ],13887.571315365927
5c52eeb3-daa4-44a3-bb55-64f32294c792,[0.63113786 0.25       0.11850067 0.20285779],1617.6084797794708
475d58a4-5248-47f7-98ba-60efcacf37ad,[0.18881808 0.25       0.22005223 0.02347556],4823.444838913715
34e6a212-9d3d-4ac6-a8c3-605d92ad1cbe,[0.39982699 0.25       0.25       0.03746782],11184.738872058277
64c45074-d2ab-401c-9f2b-a25fd10a9c96,[0.51148882 0.25       0.06402865 0.03200803],8504.32909437984
5ce2b2c3-243f-41a4-b2ba-739ffc8edc5a,[0.34773502 0.25       0.25       0.09291866],7248.947210225671
79854033-e2e0-4264-8fc5-f8a11ff62af1,[0.49286637 0.25       0.25       0.09895956],8588.170948143104
adb3ce05-7d02-46e5-95fc-ffdfed328379,[0.5754405  0.25       0.23583753 0.03326454],8082.3015349044435
f342d9b8-0dc0-44e6-a82a-b8b699d617ce,[0.56297453 0.25       0.25       0.15822722],9436.277650436907
d0e73c5c-fa99-41ae-bded-77af87a2203c,[0.62887583 0.25       0.14384861 0.01609322],7251.570716059845
1663e993-7966-43bb-a9ae-39af38cde552,[0.43306439 0.25       0.25       0.15679588],6595.069821060006
19a7e20a-3de6-4bb6-bf2d-bd47b4026be2,[0.45914454 0.25       0.25       0.04851213],13087.935412450786
547edf03-64a5-4a9b-a4b7-5e5bbdfa2726,[0.54151065 0.25       0.14326596 0.12308596],3276.669729885696
3bd12d8b-41d2-4b40-a1a9-e09da764f272,[0.50930077 0.25       0.25       0.24192546],3139.8135697564317
11e29308-f33e-477a-827a-e5c63ea618db,[0.55649772 0.25       0.10278019 0.01634242],14749.773434136177
7e76b5b1-9a01-44f4-84a7-f9dfd171c1f5,[0.48595499 0.25       0.25       0.03369939],15127.442695882617
b94472ab-bd5c-4d5d-ba08-daf1df2c2a6f,[0.68871829 0.25       0.25       0.01      ],11845.92779613051
d0fb1262-158a-441c-b24f-815c342d757f,[0.80192155 0.25       0.23821477 0.01994461],1816.11407420536
03ad45b9-c47b-42ae-97c0-1aaafa97f7af,[0.84619309 0.25       0.2234488  0.06378137],8316.771746128572
e75f562a-96a9-4f47-9510-e00742a276e7,[0.80605026 0.25       0.25       0.04122706],9051.501686589078
6fdbc50e-cc97-4bce-88dd-d819d96cb017,[0.67209553 0.25       0.25       0.04069371],4682.396493791
cb2d9948-8cb2-4322-b074-df4bd9b58484,[0.53587127 0.25       0.25       0.01      ],12323.443541097135
2ea1b8fc-6c4b-4cc2-a63c-7974e6a47b6e,[0.73100656 0.25       0.25       0.06861396],2362.0031729032717
18b39fc5-e40a-489c-85e7-96d0ff2e47c3,[0.32382539 0.25       0.25       0.02650284],15130.822371399967
c1868406-48c1-4460-b6e3-dcc394490aba,[0.69213003 0.25       0.1646182  0.22856205],4286.595146473717
d366484e-c052-42e1-b8dc-512451b05416,[0.77841772 0.25       0.25       0.06704899],5073.002599791674
b8be3e74-8bcc-4b61-89b3-155465104974,[0.52393601 0.25       0.08451406 0.01133579],6963.7445627245825
847fedcc-0891-4fc2-bd43-a78d186367e9,[0.6913518  0.25       0.13257242 0.19529863],2638.1106047348517
84b7c578-079e-4d0d-9e5c-3d38fbcd21a9,[0.5097934  0.25       0.25       0.08246834],11297.649317866859
232b342c-847c-451d-9d27-a230454d6bc3,[0.82519332 0.25       0.13818573 0.12668   ],1022.0994112476345
f3cf8b3e-e18f-45e5-ab0f-38d6aaf725d2,[0.75783456 0.25       0.25       0.08067415],709.8248057167257
30336d40-e891-4c85-9720-2b95ff52b7db,[0.27539348 0.25       0.25       0.04555532],6064.510944765378
a801f491-dbcf-4476-937d-0b29f07d3e73,[0.6022424  0.25       0.07495199 0.02367984],5284.713572867039
30a12d14-9707-4cd3-bf6b-478fa095f5cf,[0.83477191 0.25       0.1627228  0.09041954],3310.036852599611
c1f64429-f876-44a4-adde-38fae4a015a4,[0.84496929 0.25       0.20861189 0.09018968],1445.118984660806
56f38838-a6da-441c-8b53-8db07c562194,[0.51739446 0.25       0.19200693 0.01032709],10798.818032553698
7545f8d8-d385-400f-988e-60a0f6b54154,[0.5136714  0.25       0.25       0.12729305],10172.03340393621
f5b699ba-b11d-4ec1-b7c1-f21b3e2aa43c,[0.49808618 0.25       0.14245866 0.13891823],7130.3827117146775
0b555eaa-f074-429f-b153-abfb2bfebb04,[0.53893486 0.25       0.11296674 0.03388665],6798.940555868281
a28ee7bc-30f3-4848-aff5-b36cbb869eca,[0.43685655 0.25       0.25       0.04943567],7028.435429108743
120f7c11-0800-46ce-8d89-c8f7c9ed6fc0,[0.72101655 0.25       0.25       0.0493311 ],13681.20104931107
f3306528-6480-4f31-8001-e0ceb3f13c64,[0.46387737 0.25       0.23652917 0.08882638],13766.118897141145
f1dadfb4-4c6a-4bc2-8699-43bcbbe03567,[0.73125462 0.25       0.15167832 0.107626  ],790.4480510074202
a84b0f72-613d-4b49-94e5-708f99d509ab,[0.61300439 0.25       0.03506393 0.01646727],2947.9711695739775
d435625a-7163-4253-a27e-d6489900bf3e,[0.43761981 0.25       0.17230339 0.01      ],5182.554282884303
ef61cba1-3d97-4953-953b-8fb5d007ccce,[0.44504235 0.25       0.2332759  0.1269052 ],9910.487822748166
2248dc23-cd08-4070-89b9-06f192789ddb,[0.51654821 0.25       0.25       0.0257252 ],14113.870406135922
bec5f9b6-8963-4533-b8b9-beeb0177e8b9,[0.75130087 0.25       0.22155324 0.11669961],14909.364934999841
21ce951c-a2ff-4e96-b5bb-1f31623e9773,[0.84561218 0.01       0.23037871 0.35555068],1524.1979030109687
bdc72f5a-b36e-477c-86c0-ba90c0dcff3b,[0.49843304 0.25       0.24845585 0.21186235],6566.789113045856
db1cbd4e-423d-4796-ba97-6f65cc92a3ac,[0.57652329 0.25       0.21048605 0.01      ],5977.248361474881
0a1978a3-92e8-4b53-8dfd-baa167c9cdfc,[0.38024774 0.25       0.18250566 0.10639078],3225.4169247126515
311d7ee8-179e-4f0d-b961-7940cc4751b1,[0.64584414 0.25       0.19048015 0.02978824],11896.004616846849
8d312efb-2eed-491a-b4c4-88d1f749415c,[0.80835554 0.25       0.16788795 0.03061021],3376.89439626648
7449aeb6-b472-45ef-9943-a237e634f3e6,[0.85790191 0.25       0.19005137 0.01      ],10246.160668146522
93373946-bf08-4b29-9b57-bdb133db85a2,[0.65256335 0.25       0.25       0.01547991],2719.459951019042
57e0e970-9ff6-4c99-ba86-5b38335eefdf,[0.7451036  0.25       0.25       0.01389858],1167.2023410420998
c0c3b1ea-1f03-48eb-8403-a3a870399f59,[0.47973908 0.25       0.24042555 0.10410742],2972.3731198734426
020dc2cd-e6b7-454b-a0f6-d587688989e0,[0.59323694 0.25       0.19406704 0.03178069],12000.196078117631
e435d3d9-cc7d-4d65-b277-3e09ab181cbc,[0.35128347 0.25       0.25       0.11321572],8251.022342353717
5a1197e4-7b57-414b-b69d-c6c55e05cd51,[0.8390236  0.25       0.1835743  0.07075493],1123.2539594541977
a1679659-0e52-4e09-b3df-10668d535716,[0.67372023 0.25       0.25       0.04141275],10361.738405617127
6c50ecfa-8665-4fd2-ae39-9ce370864e25,[0.25960011 0.25       0.18158392 0.01      ],17274.94732915224
b7c97a40-ac52-433f-bab6-9f179bbe1ad5,[0.78882344 0.25       0.14504803 0.18326822],3442.503605133129
85dd1588-d883-4126-8031-ae581b98d4db,[0.33771465 0.25       0.25       0.07320763],10979.529936147834
2356259b-712b-4400-bb7c-64b177a3bdc2,[0.51198179 0.25       0.20821643 0.09281261],12451.96017968494
755e4a3d-5302-49d0-a6a6-47b9ba7f4109,[0.60420667 0.25       0.20088231 0.11487369],926.2378119334556
a6bcd989-c7dd-4cd2-95aa-315b6567f7de,[0.67180564 0.25       0.18431906 0.05402983],9742.417600569706
7d92046a-b330-4537-9148-04c73f5106cc,[0.6373423  0.25       0.25       0.16513351],3710.5271923758655
e1501fa7-cfa7-4065-97b6-f1b56b01cfca,[0.39581495 0.25       0.25       0.11862097],6001.280923345235
543e135d-302c-4401-9f4a-a3390cae2006,[0.65343979 0.25       0.25       0.01372365],12759.299551606913
6b500e94-bfe0-4bb1-9791-4793223e97ec,[0.49296086 0.25       0.24275637 0.10943326],10110.313380552116
b21385ec-a239-40e2-a2c4-babaf8bfa35d,[0.65619133 0.25       0.25       0.04287715],2425.2114190844245
e9d96666-48b3-42cd-8deb-2f8024b1d3af,[0.70535724 0.25       0.17639086 0.15778369],11734.959908843448
4330ac0d-7d3f-4fb6-b43f-b40504d46035,[0.80064791 0.25       0.24864149 0.1370454 ],6748.044471061338
c7c2673d-0f7c-430e-aae2-f24fafa19fa7,[0.83625048 0.25       0.25       0.01      ],15278.999124661059
c1d49ef1-cb71-4725-81e6-82df8b3d444c,[0.10038432 0.23121871 0.23398415 0.03791703],5481.0741956868205
82dff4e0-301a-4deb-aba9-31f9894cb2c2,[0.38606989 0.25       0.25       0.01688229],10005.874618823877
75eb17be-4097-4639-8c55-0e067afedfe3,[0.50514253 0.25       0.12297381 0.0543564 ],5910.405956753836
29c0c504-6129-4873-940a-e8b901c8e188,[0.64432886 0.25       0.10271251 0.21094553],3833.2055050295294
ab3b5e1d-df5b-4711-b034-1976c586c54e,[0.46220321 0.25       0.21376726 0.09934686],6127.550373719166
42c359d5-3407-4aff-9adf-ee8b057c7c59,[0.71471256 0.25       0.13866253 0.01      ],9376.32671545426
32c9c2d5-d539-4b1b-a0f5-110de5170815,[0.35386134 0.25       0.25       0.01795949],14676.865896675448
c150ef3f-662f-44ad-96da-4829a9d7eb04,[0.53722908 0.25       0.25       0.10038299],9067.531809090251
af2e2d3c-199d-4a55-88d6-c28fa1c9c83b,[0.25380763 0.25       0.25       0.08726598],9622.313501826146
bf7c7e75-ac3b-4838-9596-7dd442bc88e2,[0.69805349 0.25       0.18424051 0.12329668],6113.074466629961
2f3d4215-03d9-47a4-8e52-8f7ebb098d70,[0.75876294 0.25       0.2448254  0.04156029],3362.7119777655407
d1ec1223-f2b9-4e20-927b-3a7532aed92c,[0.48537603 0.25       0.11068905 0.03626856],12329.838309898121
9114c594-6566-45cb-b595-84fb246b0e29,[0.44511603 0.25       0.17288522 0.14155634],6372.041184749252
5c068e64-d236-4834-befe-f255647552ff,[0.69318699 0.25       0.25       0.02323953],7140.2047819111995
ffb0695f-c85d-4fe3-af4c-f9de86d2a198,[0.60235071 0.25       0.1754277  0.09530854],8382.742071326722
4a179f29-263e-431e-99c0-f011225246b9,[0.61316291 0.25       0.15761795 0.22494584],11340.397832847982
5cc1bad5-64a8-4b69-9d6e-0f8a9db496b3,[0.77501295 0.25       0.18197429 0.19287587],9458.853459970374
730f04fa-ef35-4c1c-9684-3b1295caac57,[0.26537855 0.25       0.25       0.03298216],7796.236617689418
a9f158b1-4779-4c0f-9efd-5b74560f74c7,[0.33116919 0.25       0.25       0.03750231],9878.471110457467
e8b1ffa6-0895-451e-adbb-ab8b9191fc04,[0.48259606 0.25       0.16462136 0.23830576],3675.102686991463
45111d15-95da-40cc-8bef-914150575a47,[0.55526586 0.25       0.25       0.01774958],14103.048363015814
a6a12ee7-7f30-4f21-b89d-533fec36c568,[0.36331217 0.25       0.2308561  0.19143577],2394.4301602818286
7a156d93-fe3f-48f3-a015-9a7fc1e0b3b6,[0.69338985 0.25       0.25       0.06913242],13795.976984263329
1579a65d-2b86-44ca-976b-86e557d563ea,[0.66761588 0.25       0.25       0.03169997],13115.463564068366
4d6e12b5-63bf-4ae4-8b0b-3d18d45a8c5f,[0.64035232 0.25       0.14812538 0.10862052],2010.2080491359259
204ea69e-c83b-4225-b4a8-0ab34239d3ba,[0.5420783  0.25       0.22215173 0.02419236],6402.623468520995
7b1c1d02-14a7-4c86-b512-7bfa5d261af9,[0.44865982 0.25       0.25       0.06200776],9123.666469429076
4df7aee9-bb10-47d6-91b6-19775e42a61d,[0.56185093 0.25       0.1956244  0.17829958],6375.214795668931
433b958b-a4c4-47b8-b884-0b8b03fd24bc,[0.42967796 0.25       0.25       0.11255798],10506.386512739455
7d123226-306c-4e4d-a65b-3246febc3a4b,[0.63197359 0.25       0.25       0.07890032],8331.685559189416
9bf77ccb-3e41-4f27-b059-fa8e408701ff,[0.52189922 0.25       0.1912586  0.01      ],6838.7523683506415
c9b37fdc-ef51-412f-a92f-0f6f974c8036,[0.5111049  0.25       0.19179337 0.01249781],13391.83921027286
d75f8b5c-1520-4dc0-bb3f-0810d95c7942,[0.40939681 0.25       0.25       0.11791331],8806.602726114646
dd94156c-12b9-45aa-a842-86bfa1514e0f,[0.50633316 0.25       0.20456048 0.07908082],12134.806604651842
b55569ce-27f5-46fc-8492-eef39cf7bd72,[0.74553942 0.25       0.17442674 0.17744099],2800.7090043013536
3264751b-5d78-4e75-9c9d-c2182b4a44f0,[0.34855592 0.25       0.25       0.01      ],11320.347021073696
6ab87541-83f0-4822-a67e-ff48ac8bc3a7,[0.83472622 0.25       0.21775593 0.03733151],471.3014856905674
3606955d-a93a-43f7-b9f0-4aa2ccaa3581,[0.44867609 0.25       0.14629357 0.14527629],4718.367784165699
67f381ce-ef9a-4621-bfbb-0a12069f5a62,[0.40403381 0.25       0.25       0.02050777],9887.827855870628
61cb8551-7712-4763-b3e1-9c1ba00dd2e6,[0.37386836 0.25       0.25       0.14484809],8048.488387435151
c8e8fbca-8ef8-4ac7-894f-9e9ac0c1f205,[0.35567506 0.25       0.25       0.08095013],9915.888313441708
4e89aca4-3de1-4f27-964d-4ba7c49b8ed6,[0.54795542 0.25       0.2446758  0.11415474],5784.4178507982915
399ac9d3-6646-4470-aab3-185cf722f969,[0.34234193 0.25       0.25       0.0167262 ],9072.667721371374
d3c06b60-1e82-4090-87ea-1be4a6108f8f,[0.53302359 0.25       0.20899169 0.10580202],12744.613132357246
e04b534f-dfda-4e1e-a1e0-df9afc7b6685,[0.76680631 0.25       0.21001678 0.14565209],906.0725347375504
62ad2369-4e20-46e4-8c22-1b7f6f541b2b,[0.68010331 0.25       0.19582855 0.10213151],2726.289833922618
78164d9a-1d13-4da0-bfed-91feab98c20e,[0.67830052 0.25       0.23619244 0.01      ],11994.80652678305
386535bf-3c80-48f8-9af6-1ff98307f531,[0.67604513 0.25       0.25       0.02859496],10063.012594223264
03ca661e-38d2-4d69-a7f9-387099211015,[0.61790791 0.25       0.21931031 0.18824358],6696.382476597656
6d580d99-6a38-4aad-888e-9b9c671d6d4c,[0.90944973 0.25       0.14441122 0.03245962],599.0925497741891
38bc70ff-627d-43cd-bdcd-8bbd16d64a23,[0.52099097 0.25       0.25       0.02450561],13393.69086220847
cbf3ffc0-baf4-400f-8757-10acc2c45369,[0.35158599 0.25       0.25       0.11453498],7600.494364804647
6a535112-c7b7-4711-b4b5-34d7541dcc4c,[0.69145859 0.25       0.25       0.01433664],11232.663720591767
d43968bc-f81d-44e1-8351-857b3223a678,[0.56613392 0.25       0.25       0.23603917],5261.284431665073
0095ea79-9daa-4b84-8b97-44f4ed645bec,[0.33287178 0.25       0.23059378 0.0463867 ],236.7382209184978
9ddc63ce-ad39-4c40-8409-25b8aae6c8c6,[0.7624616  0.25       0.25       0.10262215],13720.018492074081
c13d4153-1afd-4920-873b-65510fe0bd21,[0.25412092 0.25       0.1478023  0.0159735 ],8150.35776195316
4ead696c-a35d-438d-a7e0-3ce654615ee9,[0.58422031 0.25       0.25       0.11443582],11239.515422733299
c1f24741-41e5-4ad1-a391-d27d42b7c3ce,[0.75984538 0.25       0.23938523 0.13322616],1901.8496152149607
21baa162-6d3a-4b37-b19c-50fd092e574c,[0.75172048 0.25       0.18021119 0.07462188],8540.732328743079
61e03c94-acba-49d1-b3f5-3d60bd7aa83e,[0.6775025  0.25       0.24793931 0.11546819],11995.609169395006
46a176aa-68f3-48f5-b971-fbc64d8588b5,[0.51641083 0.23293524 0.16978485 0.10289541],6322.425201457369
a4553c1e-ac88-430b-a902-907a1a9df505,[0.74764397 0.25       0.25       0.06062154],3129.7629685714483
ddd8a3e7-d710-4a13-b8d1-e652fc1a9578,[0.51504542 0.25       0.11930867 0.01721791],12337.386522804849
17925623-2c07-409a-b149-7de7cbf75fb1,[0.74993378 0.25       0.08258502 0.10028022],1790.609120713016
d6b8f329-1e50-4fd5-acf7-44bf995bc722,[0.83171238 0.25       0.18015193 0.07905114],9171.285955356667
efe8113f-dc17-49a4-b42e-29536a8015d8,[0.65557355 0.25       0.22693512 0.04944413],627.5408400064723
a33058f0-c471-449e-a5c1-86fa2f4f677e,[0.67776278 0.25       0.25       0.02219155],11899.683374889357
edf4a715-6d74-48fe-9f67-234d633ff573,[0.31586148 0.25       0.25       0.06383326],10147.236618960287
402db3bf-e61c-428a-8e6e-ed9934df886d,[0.60464869 0.25       0.22950132 0.02675606],9799.56834187129
edebb9f6-93a3-40c0-b035-ae19a905c0c4,[0.54710344 0.25       0.25       0.02805131],15852.989812022823
b7f272bb-4821-470d-8e5d-6a6cec1c805e,[0.66615537 0.25       0.25       0.06326855],4364.780516455937
f3d363ba-fd73-45f8-9724-3476fd1bf65e,[0.5571468  0.25       0.07773146 0.1061127 ],4253.163741622476
27c191c2-1abb-454d-abf5-13e24973032d,[0.74108405 0.25       0.1301588  0.26012734],4641.418711043124
503b1360-f2a2-45ef-b6cd-1ff44a675346,[0.78127707 0.25       0.20975442 0.03378457],700.7878982333195
ca251c66-8df6-40ac-abc3-4b475bb796f1,[0.44300899 0.25       0.25       0.0561727 ],14621.823095104284
0079c8ae-2057-49a6-9acf-53495d1cee5b,[0.37199431 0.25       0.25       0.1550057 ],7513.536558613459
6e43ea44-dca2-4dd4-86a8-04d77352ef32,[0.39483841 0.25       0.25       0.17317972],4230.4867008118445
95d70de4-f10c-49b1-90da-017b6dc7ea13,[0.44425789 0.25       0.25       0.18116694],5749.985603439665
